X,Y
6.992589968149354,19.39407197451948
21.815072932978993,19.252058346383194
19.2335428792455,29.1868343033964
1.6359841008532827,5.5087872806826255
11.002141738937382,22.001713391149906
20.160816417991924,26.92865313439354
4.6556883567220515,6.124550685377641
2.4165395426736374,15.733231634138907
11.572419674295864,20.057935739436687
5.571795049919959,4.457436039935967
19.696236969900717,19.956989575920574
19.96760814782781,26.774086518262244
21.704375831199187,29.363500664959346
5.395801954103444,16.31664156328275
7.457109709825577,12.56568776786046
7.581868670456782,8.465494936365424
22.698256363666445,21.758605090933155
17.772624057723668,17.218099246178934
22.8282954250753,18.86263634006024
19.058753099437396,24.847002479549914
17.380816978948676,16.90465358315894
13.474708448696425,19.779766758957138
20.442939078662313,19.954351262929848
19.152761744880916,15.922209395904733
1.1370129123233403,12.30961032985867
17.102888455642695,23.882310764514152
22.8248194517985,30.259855561438798
20.823136085703258,29.258508868562604
24.45936579198075,34.5674926335846
23.065321385636476,31.652257108509183
4.2407866291319625,5.79262930330557
24.76547915089291,25.21238332071433
14.182236091237122,15.545788872989698
9.925633515705579,8.540506812564464
23.490900686471825,25.392720549177458
11.78893461936584,23.831147695492668
16.369785240566294,17.895828192453035
16.94757692720879,16.55806154176703
2.35658279572411,9.685266236579286
2.9123348519048715,2.329867881523897
8.147475599695792,7.117980479756634
12.140439502495157,23.512351601996123
1.1942186360437923,13.55537490883503
21.066347421176253,18.053077936941
3.098735981393691,5.478988785114952
15.004306225920539,23.40344498073643
20.5742203239948,27.25937625919584
15.517625093076612,22.01410007446129
3.735172858289246,11.388138286631396
2.9526827164547798,8.362146173163822
10.195602708730423,10.556482166984338
17.73446788717182,21.387574309737456
10.065290848222721,22.452232678578174
15.742601919228317,22.794081535382652
20.31289697817062,25.250317582536496
18.712255508378163,22.16980440670253
16.015405112307015,26.01232408984561
7.690286508627117,16.35222920690169
2.726698651082879,6.381358920866303
15.924696405826,13.9397571246608
6.043351977469936,17.434681581975948
3.795292732646241,14.43623418611699
16.311253493185767,19.049002794548613
16.827192357008062,17.06175388560645
1.6763826019513068,16.34110608156104
23.95758478279242,23.366067826233937
16.890510553877096,24.312408443101674
0.6036914357120393,10.682953148569629
9.330588501995646,18.264470801596513
22.197784458083188,26.75822756646655
13.159698821975882,11.727759057580705
1.7133077986266176,1.970646238901294
3.2806248578280766,14.024499886262458
4.04263233820367,4.434105870562936
18.7561777356776,16.20494218854208
4.1227765256270335,14.098221220501625
24.640376342010185,29.312301073608147
16.874064594792728,16.49925167583418
6.222508338870014,6.178006671096011
15.652128509620484,21.521702807696386
15.873479109869459,27.698783287895566
15.599430659696534,14.279544527757226
4.497392810958425,14.397914248766737
24.52621642118234,29.820973136945874
5.974733200794449,5.3797865606355595
10.544540016851526,14.43563201348122
10.17122808435479,23.13698246748383
15.37081931396139,23.09665545116911
0.06786031531758052,3.0542882522540635
20.295730498436242,16.836584398748997
12.88343439907836,19.906747519262687
2.584723764359756,8.067779011487803
23.54368704919041,32.63494963935233
8.322126451260406,9.057701161008325
11.453819128387899,20.563055302710318
7.294986107403368,7.6359888859226945
8.678672542948418,21.942938034358733
17.223164467601116,26.97853157408089
19.025295106148064,16.420236084918454
1.1151903586644085,3.892152286931526
7.88984793772049,7.511878350176392
22.832451007878227,28.465960806302583
16.173987827904668,12.939190262323734
4.87060620697479,12.29648496557983
4.769455947272666,17.61556475781813
10.72667881417288,10.381343051338304
11.62931903659076,22.503455229272603
22.8823713368605,31.505897069488398
20.309135342598992,27.047308274079192
2.004176356364834,15.403341085091864
20.96907393915279,25.17525915132223
7.81905262984848,12.855242103878783
11.788096634186868,13.630477307349494
16.61043376299379,23.48834701039503
7.770972293669076,18.216777834935257
4.722750141200355,4.978200112960284
11.573551831404888,21.258841465123908
4.107793652211111,4.486234921768888
11.998642110742324,10.798913688593858
24.08906483821242,22.271251870569937
19.7831597566894,24.826527805351517
4.6535592527859935,3.722847402228795
4.4918030916005325,14.993442473280423
3.4302372739349023,7.54418981914792
14.930008613106688,12.54400689048535
5.482869087169076,4.986295269735261
20.959577024768578,26.967661619814862
19.814171186254356,17.651336949003486
9.823728929616928,18.65898314369354
16.2874832483922,28.029986598713755
7.443594532780717,8.954875626224574
9.678656932763394,14.942925546210713
4.746055807066554,9.796844645653241
16.774440130132117,20.619552104105694
9.574982803297308,14.259986242637845
11.960129867136768,11.368103893709414
0.5868869127285348,10.669509530182825
13.94112149642274,20.75289719713819
12.430360813737709,15.344288650990165
23.89919116134884,33.51935292907907
13.962779833814402,11.170223867051522
15.691573952951995,22.153259162361593
0.5738448535880514,9.45907588287044
20.845020607376956,19.076016485901565
17.365906619875368,25.89272529590029
0.06095418197339386,4.248763345578714
5.535150446576992,7.428120357261593
4.083711909948054,15.86696952795844
11.85331262493139,13.082650099945111
20.110161115074042,31.08812889205923
12.143383512323188,12.11470680985855
20.684211277264243,23.147369021811393
2.742828718348905,13.594262974679122
4.324757328169615,5.259805862535692
18.665640085170267,15.532512068136214
23.923853932451106,22.139083145960885
13.613688054764793,13.890950443811835
17.95017373096487,23.360138984771893
17.24096672284478,23.392773378275823
22.358621300468673,19.08689704037494
12.718139077716176,24.57451126217294
15.982646960064214,16.38611756805137
14.992605320212219,20.994084256169774
5.250416987922743,15.600333590338192
2.1294691109947417,14.303575288795791
4.632500896437786,13.306000717150226
3.598166739285516,9.478533391428412
12.128249527702046,15.102599622161636
12.93159256727017,25.345274053816134
2.1021947349644106,15.481755787971526
15.55182530825957,19.641460246607654
13.207269515589312,18.365815612471447
7.630049439863152,15.70403955189052
21.490144343962772,18.39211547517022
6.589288224391435,11.871430579513147
11.468475444881,19.374780355904797
11.392861918734578,13.314289534987662
16.295189944729398,26.836151955783514
8.413411024568166,13.330728819654531
4.8742978021629195,14.699438241730332
19.0349834462189,18.22798675697512
20.471322280248742,24.777057824198994
23.603840520144075,30.28307241611526
24.750373300577838,29.40029864046227
10.234914598736458,14.187931678989164
0.8019159515679164,1.241532761254333
8.959288669843005,8.967430935874404
11.911894863882031,18.529515891105625
19.625088752446867,30.10007100195749
2.8817393839785406,15.50539150718283
3.8345274389397668,13.267621951151812
8.303268763761954,21.04261501100956
24.692265318359354,20.953812254687485
3.7041784797254036,7.763342783780322
18.746441029492875,26.397152823594297
16.083353073543975,20.066682458835178
20.69575122665149,30.956600981321188
8.617554493764837,12.894043595011869
19.783462704776504,19.426770163821203
11.750131879015008,22.600105503212006
17.688541108776427,14.150832887021142
1.2901289085387402,10.632103126830991
6.0188537061631795,16.81508296493054
11.016555347586065,13.013244278068852
11.471020397821432,22.976816318257143
23.954923491578093,21.563938793262473
24.72184448525511,34.777475588204084
7.524602993426191,18.619682394740952
18.04326785389286,24.034614283114287
16.04358791818431,13.43487033454745
14.120396078208078,19.696316862566462
11.530328576301038,20.624262861040826
17.87418345861631,25.09934676689305
7.419548788588323,14.335639030870658
13.541160984867581,23.432928787894063
24.365824729808708,24.292659783846965
18.288118864722893,26.63049509177831
6.256574239671505,20.0052593917372
16.67043105296871,23.536344842374966
3.456137246658095,15.364909797326474
17.076937254429104,14.861549803543284
21.716608152123932,28.173286521699143
5.602763842323941,18.282211073859152
3.774687868239901,10.219750294591918
11.404318550727577,18.12345484058206
14.255400793099101,26.404320634479276
9.707251765932348,16.16580141274588
4.921492775785485,12.337194220628387
5.375898613042601,15.100718890434077
14.588768768644837,14.071015014915869
8.117642645966827,12.49411411677346
18.623362354592327,19.098689883673863
6.980585304311784,12.784468243449426
21.88436992795649,19.307495942365193
13.56507109239405,16.252056873915237
1.030617896448205,3.2244943171585634
13.348268958004928,15.478615166403943
5.32871512905804,15.662972103246428
18.04049706172449,24.63239764937959
6.2691092462737465,15.815287397018995
1.686623733627296,4.949298986901836
0.640604107615303,7.112483286092241
4.306827332102178,6.445461865681741
16.76773504554485,28.414188036435878
16.26879306857028,28.01503445485622
0.28477756593869585,10.427822052750955
10.16007814964304,9.32806251971443
6.623103463515339,14.898482770812269
12.84944372062361,12.079554976498887
9.791219831646414,7.832975865317131
24.798100567924372,32.4384804543395
24.90565720575797,27.124525764606375
16.62230704381151,24.097845635049204
3.254280224372283,2.603424179497827
24.64193230351224,25.113545842809792
12.410365101801233,24.328292081440985
23.35834949037495,21.08667959229996
9.488474407123443,14.790779525698753
8.896275838502623,11.317020670802098
8.938032090233495,14.350425672186795
22.644228904237806,21.715383123390243
19.45072387995926,28.760579103967405
7.882331843986931,11.705865475189544
2.0255630371075335,11.820450429686025
6.402147907263195,16.521718325810554
12.21504285613107,18.772034284904855
22.43778602784012,28.15022882227209
10.697150572218108,14.557720457774485
20.872988101514075,30.498390481211256
13.124875081559468,25.499900065247573
17.68383842208153,20.747070737665222
12.96385433071992,12.771083464575938
2.404981179156465,8.523984943325171
23.549922149700308,20.639937719760248
9.335989090323613,7.4687912722588905
7.214312475759538,6.371449980607631
12.46157945593051,18.96926356474441
0.8508826290940935,4.280706103275274
15.863941095690395,17.491152876552313
24.825760129656977,26.46060810372558
7.368692325851766,17.29495386068141
22.115303158131848,30.892242526505477
22.957606061513083,27.366084849210466
19.96977216392039,23.17581773113631
7.728101129989351,6.782480903991481
1.4795594695905274,4.783647575672421
4.202013356740858,15.361610685392684
0.8146477650992912,7.251718212079432
5.17111969811837,5.936895758494696
5.380392199893399,17.504313759914716
0.1462131504535974,0.7169705203628778
24.340873481423312,26.07269878513865
24.587686572664342,21.470149258131475
2.7655837103856022,14.212466968308478
21.43940882763004,30.351527062104033
18.83368718837057,16.866949750696456
7.391601848212928,20.91328147857034
18.713093726774773,29.370474981419818
3.6614424161855896,7.129153932948471
0.31909373020383436,14.055274984163065
10.043620039348461,10.434896031478768
2.2284329837009813,11.382746386960783
13.57786403961464,16.262291231691712
9.71808689330289,8.974469514642312
16.126518015109394,21.901214412087512
12.149885299775878,19.9199082398207
3.924137185249743,10.339309748199792
21.426098849638073,28.540879079710457
24.459466489559205,28.567573191647362
9.43558804021308,15.948470432170463
3.146391868740897,13.917113494992714
4.091556100669541,15.87324488053563
14.918016324933564,11.934413059946852
3.877176129144075,14.501740903315257
17.08484371119695,14.86787496895756
16.384167625848754,17.907334100679
13.132757040287164,15.90620563222973
4.548141249517757,13.838512999614203
15.660010032001292,20.92800802560103
23.66081675176341,23.128653401410727
8.870845577321857,18.496676461857483
14.58195619946943,14.065564959575543
7.149889090625683,7.519911272500546
20.878426310568905,25.702741048455124
0.0951950700575882,4.876156056046069
20.579659123566586,29.063727298853266
10.772335386618284,18.817868309294624
2.0957029927202693,3.476562394176215
12.845349583014492,15.676279666411594
24.63129667779363,27.505037342234903
15.167639784379913,18.13411182750393
10.739007193681116,19.99120575494489
1.0445912257572991,4.435672980605839
6.935621701192438,12.14849736095395
2.6318241406266236,14.105459312501296
3.1189557238240684,10.895164579059253
6.345772042947839,20.076617634358268
1.2457060456276703,14.796564836502133
2.270362489949937,12.616289991959947
13.020000008726711,19.41600000698137
21.9354982842268,24.74839862738144
14.520787786704433,22.416630229363545
8.754183072427082,19.003346457941664
13.178412542237602,17.14273003379008
10.864668542628293,12.291734834102634
9.297535153256556,22.438028122605242
9.697619791869322,16.158095833495455
12.755899489429476,13.20471959154358
22.59636876557235,18.07709501245788
11.374330996734722,18.699464797387776
20.518340506658532,31.414672405326822
11.659524565878876,21.9276196527031
16.774257720403128,20.0194061763225
15.102657050048926,22.88212564003914
9.758783951132365,12.007027160905892
18.952688820428705,21.76215105634296
14.97116854118247,11.976934832945977
14.801192795113908,16.640954236091126
1.186034286123283,14.748827428898624
16.6166338797747,16.29330710381976
18.399715750038965,19.51977260003117
9.379686271018372,17.703749016814697
22.489911143467367,31.79192891477389
3.487295114065983,4.589836091252786
18.446408233743906,28.557126586995125
5.90485103403455,13.723880827227639
4.578603938179427,9.66288315054354
18.361338426086753,20.089070740869403
6.67144349237177,20.33715479389741
5.326651757965017,10.261321406372012
5.990690355428183,7.792552284342546
23.264749281918963,33.011799425535166
9.633393447026572,13.706714757621256
0.6489372208492022,2.9191497766793613
3.476417078903124,12.381133663122498
20.53770160758689,16.430161286069513
1.4085534148104957,8.926842731848394
4.98873672358365,9.39098937886692
0.2266780943352198,1.9813424754681754
18.58765824760064,21.470126598080512
11.582183654244234,24.265746923395383
14.37255347447375,21.098042779579
6.459650487074891,19.56772038965991
0.4720719116147021,14.177657529291759
14.380315876863495,20.504252701490795
19.316872378239328,25.65349790259146
19.767903237918514,22.41432259033481
4.382727550548726,6.50618204043898
7.1516927372469095,17.721354189797523
19.822503787686323,24.858003030149057
6.9077323703263085,14.526185896261046
20.106413656259495,25.085130925007597
21.403606253669444,30.922885002935555
20.870848952789434,26.296679162231545
16.11410685976381,24.891285487811047
2.1969268854558024,14.95754150836464
6.507657593870231,19.60612607509618
5.098058152351864,18.478446521881487
14.321714824057386,11.45737185924591
1.020151247161985,2.0161209977295877
9.348378414760846,15.278702731808675
5.82264177515541,12.458113420124327
2.2201974452125297,5.976157956170023
19.76079149148377,20.008633193187016
22.437685436542896,21.550148349234316
23.276234803522662,25.22098784281813
9.746858865509509,10.197487092407606
24.847573323126543,23.478058658501233
24.291974846554567,26.633579877243655
13.653055713140331,21.122444570512265
20.544788565839873,21.235830852671896
8.761502492249903,16.60920199379992
1.8564471318293836,12.285157705463504
0.2302793065573877,0.18422344524591017
23.43095814297027,28.344766514376214
5.645626599930245,7.516501279944196
0.9526539649166638,2.5621231719333304
0.5593368297365481,7.047469463789238
10.533507191504915,14.426805753203931
6.962449206023666,16.369959364818932
4.7821692935980655,12.825735434878451
22.74248978132288,28.3939918250583
1.7347597532119674,7.387807802569572
14.965584428330175,16.77246754266414
11.098208016162362,18.478566412929887
8.325912642048273,15.060730113638616
11.257757513375685,22.806206010700546
23.316803671228932,30.053442936983146
22.5525798223676,31.84206385789408
15.849070982701594,26.479256786161272
1.4271104542750268,16.141688363420016
15.27169496204715,15.217355969637719
6.431836880436373,9.345469504349097
3.333944742586506,5.667155794069204
3.976816117063764,5.581452893651011
12.557245126524164,20.245796101219327
6.749072971564418,5.399258377251535
1.9856250080537734,8.788500006443018
24.278959227935864,33.82316738234869
17.524386247471803,14.019508997977443
16.363901707188212,13.69112136575057
1.1095461390146584,8.087636911211725
7.024963911421697,7.419971129137358
20.061667702994836,18.449334162395868
14.702396948404218,20.161917558723374
16.963428142819765,18.37074251425581
11.866628066983557,21.493302453586843
9.04355921185219,9.63484736948175
23.69930256588564,31.559442052708512
10.290428676932928,22.63234294154634
23.35953076047294,24.68762460837835
9.384358155450265,13.50748652436021
13.306013227942312,17.844810582353848
18.22204811824201,14.577638494593609
16.87889123454109,21.903112987632873
13.434566945307076,23.34765355624566
12.933002884584118,20.546402307667293
4.276228260208684,8.820982608166945
17.838999662233867,22.071199729787093
14.713661219100157,18.970928975280124
24.656802334887022,21.52544186790962
13.545244417752277,18.03619553420182
12.205642620188783,21.764514096151025
10.761677446901672,12.209341957521337
9.012585584233342,12.010068467386674
4.736415801232205,13.389132640985762
12.924581067774819,16.339664854219855
18.87367957283235,16.29894365826588
11.532526562075102,18.22602124966008
9.679271387474989,18.543417109979988
6.369447318722268,18.895557854977813
18.812129103721862,25.249703282977485
16.372636416926458,24.498109133541163
15.496536267154845,18.397229013723873
20.093054072488982,17.274443257991187
14.950096556789557,22.760077245431646
24.676904323759803,28.741523459007844
11.102844860923152,10.682275888738522
13.997511006491495,11.798008805193197
9.494823837307703,22.59585906984616
7.449127475256345,14.359301980205075
18.884862793447233,27.107890234757782
18.4079135744315,28.526330859545197
4.692938521214626,16.3543508169717
5.569868568476519,12.855894854781214
19.472980485823367,25.778384388658694
22.67278613332101,22.93822890665681
23.256202355232002,27.0049618841856
5.8082445248897105,5.246595619911768
8.809481820886292,19.64758545670903
14.151469304120418,22.12117544329633
0.10888633849037432,7.287109070792297
9.23426513621228,19.98741210896982
19.105552451390775,27.884441961112618
11.382328474556406,18.105862779645122
22.832703750213938,29.066163000171148
2.430833612774877,13.344666890219898
18.3388927182368,27.871114174589437
22.42094617959035,17.93675694367228
22.953201566132105,33.36256125290568
10.940072079085722,14.152057663268577
22.606771140547604,21.085416912438085
4.774121919779761,17.619297535823804
11.141946259240937,13.71355700739275
6.184378956017558,10.947503164814044
5.229601337475814,18.58368106998065
13.838157318771538,14.67052585501723
7.217646718355522,11.774117374684415
12.232614715971371,23.586091772777095
9.508763829877125,13.0070110639017
19.032389324061995,29.625911459249593
24.05413647284161,30.643309178273284
13.619007428721815,17.495205942977453
10.097685425238968,12.878148340191174
11.055817933514986,19.644654346811986
8.629173310247836,17.703338648198265
19.276777037315274,30.421421629852215
14.132000950852039,20.305600760681628
3.795982201541576,3.636785761233261
22.093462602626378,29.674770082101098
20.06369423889102,16.05095539111282
1.624316558918426,13.299453247134737
18.816602313908014,27.65328185112641
12.262423058176278,22.40993844654102
0.7088326116420712,5.367066089313656
10.451243123821882,20.360994499057504
24.311541747230077,24.24923339778406
17.459659003889648,27.167727203111717
23.64335777205613,32.1146862176449
19.35551219180855,26.284409753446837
14.574104514657627,12.259283611726103
6.426378646575731,13.541102917260584
3.0981413206331077,10.278513056506483
22.985784495163365,18.388627596130693
24.335864668965442,34.46869173517236
16.94107667246878,24.35286133797502
14.71866909022776,11.774935272182208
9.830546359273665,19.26443708741893
2.9139494655593317,16.131159572447462
6.6131927031113396,7.090554162489072
0.9039365746996125,0.72314925975969
9.215478631255683,18.772382905004545
1.7095899136284758,3.76767193090278
8.877108134528152,18.50168650762252
9.541329694624215,20.83306375569937
20.34074747182119,27.672597977456945
8.143164309073267,10.114531447258614
3.075630065007812,8.460504052006248
5.678767884439287,15.343014307551428
14.668271074668674,21.334616859734936
9.8004899934517,16.24039199476136
24.23690281756156,25.98952225404925
22.265989683285117,20.212791746628092
1.5109994766995816,13.208799581359662
2.1589273590275764,16.12714188722206
1.4182345089530257,5.33458760716242
18.59949593203374,22.07959674562699
18.047069592063597,21.037655673650878
13.03964475976554,23.031715807812432
13.174334982286878,14.739467985829503
3.5622279775410104,5.249782382032808
17.720909921571252,15.376727937257002
15.070993168528075,18.05679453482246
23.55313071481016,29.642504571848125
0.2693647241119784,3.815491779289582
14.423114294851914,13.338491435881531
22.22582618747463,32.780660949979705
3.36441335826029,16.49153068660823
24.718085844596324,31.774468675677056
18.79910812236261,26.439286497890087
6.2365491681868255,18.789239334549457
3.067120304117718,15.053696243294173
16.44264227428922,13.754113819431376
14.07898149644329,19.663185197154633
10.849147211979087,15.279317769583269
23.760665627299783,32.20853250183983
24.023957821998703,32.41916625759896
18.20389828619078,21.763118628952622
8.643770186793956,21.91501614943516
0.7722303878906656,1.2177843103125323
1.4077680224698934,9.526214417975913
1.6468120326957854,4.917449626156627
14.099167217686471,13.079333774149177
8.124165197692134,7.699332158153707
5.482020804349899,15.785616643479916
15.730542478996835,13.184433983197469
23.59141263661691,21.273130109293525
11.543661387759268,9.234929110207416
4.087132194942758,17.669705755954205
22.37180573118874,21.49744458495099
1.143524726084988,0.9148197808679903
22.92057269684749,27.336458157477992
14.408981560228984,22.927185248183186
18.108108450443158,27.086486760354525
22.643769575142063,19.915015660113653
6.497528652419524,14.798022921935617
11.383630923960695,15.106904739168554
15.159835149716416,12.727868119773133
23.006817856927185,29.205454285541744
1.7829686560835638,14.626374924866848
11.299340583484591,11.439472466787674
21.7521450635589,19.80171605084712
18.10017039767459,24.08013631813967
2.27358957758311,10.818871662066487
14.927222489664327,14.941777991731463
18.20089679384459,20.56071743507567
22.986336963772942,23.18906957101835
1.1264709507391057,9.901176760591284
21.72960756967009,29.983686055736072
8.684255462705986,21.347404370164785
6.231638692057645,15.785310953646114
23.801348278852892,29.84107862308231
5.496709358926946,18.797367487141553
16.39730959022354,25.11784767217883
13.893288639062456,20.714630911249962
21.404730905512803,30.32378472441024
8.751490864228249,22.001192691382595
9.2723677982418,13.417894238593439
5.291699003802669,6.633359203042135
6.721995674449513,14.377596539559608
6.608976549672158,10.087181239737726
10.508871193505081,14.407096954804064
21.59772366080765,32.27817892864611
24.26487066876089,20.011896535008713
19.753920229115092,23.003136183292074
19.553283041638466,22.842626433310773
13.229452286739612,25.583561829391687
13.76778659479822,15.214229275838576
24.64817782235267,25.718542257882135
6.842080301755182,11.473664241404144
19.508256834597397,22.806605467677915
11.29102447260045,9.03281957808036
5.767357092395706,14.813885673916563
9.869928024211125,18.695942419368897
23.984531454711224,26.38762516376898
21.520770122399817,22.616616097919852
7.862286136289967,7.489828909031974
5.38461770778593,8.507694166228744
1.3415080222604208,10.073206417808334
12.894741745742651,15.71579339659412
3.5163394735147264,12.41307157881178
10.052813537288744,21.842250829830995
22.462045421956233,19.76963633756499
18.73480591309578,17.387844730476623
23.16185083047927,25.729480664383416
10.945001205861965,10.556000964689572
4.206304932846522,8.765043946277217
14.032823481416031,22.026258785132825
6.374068035333158,11.099254428266525
5.163113442766343,5.930490754213074
4.022674736826917,14.01813978946153
21.016815486852664,25.81345238948213
17.007568427543383,15.406054742034707
1.2449086907183327,12.995926952574663
7.819962135224704,9.255969708179762
13.736011453307158,11.588809162645727
24.651297775897593,20.921038220718074
17.09849379079188,17.278795032633504
21.903098702691985,27.122478962153586
14.055897182511549,25.644717746009235
22.532308235937,19.225846588749597
1.680281658867297,9.744225327093837
9.028618249500125,19.222894599600096
1.4350340768428587,6.548027261474285
9.41961498178343,15.335691985426742
4.323681563564491,7.0589452508515915
17.988546001055703,26.39083680084456
16.65851888494771,25.326815107958165
23.488270496371054,21.190616397096843
14.132541884497602,20.90603350759808
13.693057413086654,12.754445930469323
16.407476640515107,19.725981312412085
21.833104966131994,22.866483972905595
21.05603472260998,18.644827778087986
15.806975975625184,22.245580780500145
6.794224483389219,19.835379586711372
24.606094963466322,23.88487597077306
8.58182766729384,14.065462133835071
17.50885805289316,14.607086442314529
19.651728566077097,28.321382852861674
4.927841840233166,18.34227347218653
1.8211876093169876,12.856950087453587
8.562841181387585,18.850272945110063
20.25592249197323,19.804737993578584
8.798279135001552,13.03862330800124
18.660547921699525,26.328438337359618
18.159301374495126,18.1274410995961
2.5604536471959483,8.648362917756756
11.678178362081079,13.542542689664863
20.126651340616633,20.301321072493305
13.360015753888765,11.288012603111012
16.039120134300017,19.431296107440012
3.2384623632594005,15.190769890607518
11.373493655088367,18.69879492407069
2.9987097813530843,17.398967825082465
20.567683658038742,23.654146926430993
1.3114097842415267,13.649127827393219
12.681212177320274,11.94496974185622
22.34905437481556,27.479243499852444
1.819938767247653,14.65595101379812
16.875730150222637,19.50058412017811
0.6944464874708595,13.755557189976685
19.487012778670838,16.78961022293667
8.80467299340491,17.843738394723925
5.793328008762588,17.834662407010068
24.734203987955315,29.38736319036425
13.867977359637909,26.094381887710323
2.971082997969515,10.17686639837561
12.621222796911336,19.696978237529066
18.075308918243998,18.060247134595198
2.351756081011,7.881404864808799
3.1866045323316188,13.949283625865291
15.30426705012014,27.243413640096108
7.45642024336903,18.56513619469522
5.336077745344631,9.668862196275704
17.554555278396208,27.843644222716964
24.412912419006766,20.130329935205417
24.800901676627973,33.64072134130238
15.86553807084073,21.09243045667258
12.347444541802826,15.27795563344226
10.06509347466482,19.452074779731852
19.667319306006274,29.533855444805017
13.996109046745586,24.396887237396466
20.08485377601023,20.867883020808186
10.529906467054898,18.62392517364392
9.766467122711878,16.8131736981695
4.139395677361252,18.311516541889
13.014099291862536,14.61127943349003
13.59254859982737,19.274038879861898
14.338594783677616,17.47087582694209
4.07337429873475,15.258699438987797
11.184604734021372,10.747683787217097
15.057453739628032,14.445962991702427
6.956310013430603,9.765048010744483
13.21724864977805,21.373798919822438
5.853011043976361,16.682408835181086
21.464267845606706,28.571414276485363
24.8095876968427,29.44767015747416
7.484592988195823,13.787674390556656
22.425736968940104,19.140589575152084
11.013443418462638,19.610754734770108
15.540686724913549,24.432549379930837
18.80515681095058,22.844125448760465
24.97593285939457,19.980746287515657
20.509384204598426,28.40750736367874
21.764202235221944,27.011361788177553
20.7212104796703,29.77696838373624
5.5389651843894665,8.631172147511574
17.343546880882325,18.07483750470586
1.3530120967428227,8.882409677394257
24.0571919619228,22.84575356953824
9.81129765435949,9.049038123487593
3.5298216789139163,13.62385734313113
8.357029573105754,12.685623658484602
8.693833212186359,9.955066569749086
16.07788474071529,12.862307792572233
4.220272211179665,17.77621776894373
16.543864335881107,21.035091468704884
19.83179736729146,16.46543789383317
15.758454612362694,24.60676368989015
20.315644122553273,27.052515298042618
5.845798648014614,6.476638918411691
20.828016045468377,20.2624128363747
1.5602307541485532,1.2481846033188426
23.429633302329787,19.343706641863832
13.53660724261951,21.029285794095607
24.685674235107445,32.948539388085955
10.440298895999984,20.952239116799987
5.55774413862436,16.446195310899483
16.25648123796343,20.805184990370744
0.07003714790114468,10.856029718320913
22.004907591523143,29.00392607321851
8.52434177721828,15.219473421774623
23.4285228011916,27.742818240953277
5.120267357701905,9.496213886161524
11.279457629688691,16.823566103750952
4.272594733935428,5.8180757871483415
3.9419482259206937,12.753558580736552
1.371943717668489,6.49755497413479
4.847882798895705,18.27830623911656
0.48043917792083,12.384351342336661
23.17266654193206,33.53813323354564
13.086774780775515,17.669419824620412
4.088683261853815,9.87094660948305
9.909171826915456,18.127337461532363
23.714674344441107,33.97173947555288
19.438508377646347,25.750806702117075
19.369859282619526,22.69588742609562
20.144590106155345,23.315672084924277
23.797861801133706,19.038289440906965
0.3373446303084837,13.469875704246785
19.986512152402245,26.789209721921793
1.4251142183300258,14.340091374664018
15.568706355048972,17.254965084039178
13.710921096779122,19.968736877423297
8.732291283614831,8.185833026891865
10.770230029345957,9.216184023476766
9.715872930820643,8.372698344656515
21.791614033520716,29.43329122681657
16.229898658531244,23.783918926824995
21.546639971460284,22.637311977168228
24.41385749927075,19.531085999416604
10.429523614036091,14.943618891228873
18.544135356020938,16.63530828481675
7.822277955529816,20.05782236442385
5.292319783879493,10.833855827103594
21.368560805576468,29.094848644461173
0.5397092245349677,5.831767379627973
23.348384208422086,22.278707366737667
17.035771309256372,16.0286170474051
7.896413312985412,8.11713065038833
7.506645195425532,9.005316156340426
22.25891940384782,30.407135523078253
1.8932585091566034,12.91460680732528
5.492519221688058,16.994015377350443
0.5697338944534669,14.255787115562772
19.000998432023085,23.000798745618468
18.306310273844083,28.445048219075264
6.741238962421462,7.192991169937169
20.384038158005406,19.907230526404323
6.40546851865201,17.124374814921605
7.387329909733362,7.109863927786689
19.461426911710042,22.169141529368034
8.842537318089002,11.274029854471202
12.633351651623236,10.70668132129859
2.4749197580672817,9.179935806453823
0.9723594696107979,3.1778875756886378
5.307054322379323,9.645643457903457
8.711589239532804,18.369271391626242
2.4717343571971693,2.5773874857577352
23.988774528561503,31.1910196228492
11.396148691050756,9.716918952840604
15.080550413328645,26.464440330662914
15.66734284263853,22.133874274110823
9.385788618117244,18.908630894493793
7.111769512486893,5.689415609989514
22.918849481719324,29.73507958537546
8.749779124280197,11.199823299424157
12.419449810986421,19.535559848789134
2.1797072466935408,16.74376579735483
10.144685625634262,13.515748500507408
1.9596529221905827,6.367722337752465
3.854031394241933,14.483225115393543
23.314443902706905,27.051555122165524
20.287209233517775,24.62976738681422
3.1278934927336186,4.9023147941868945
6.15592605584627,9.724740844677015
15.681786400140641,27.54542912011251
17.48138086103648,19.385104688829184
16.6643786540015,17.5315029232012
19.209604318865892,30.36768345509271
18.045347676398123,20.4362781411185
8.892277783904529,19.11382222712362
24.418002598605657,21.334402078884526
1.354517590014606,7.083614072011683
19.196462695764264,20.15717015661141
1.0976275367373862,6.278102029389908
15.323416205911006,21.258732964728804
21.75501337962415,24.00401070369932
3.3247178800290293,6.259774304023223
3.247942789016711,14.598354231213365
16.298635532821095,26.238908426256874
8.42172062610183,9.737376500881464
9.895773698292398,18.116618958633914
10.1555676482972,11.72445411863776
16.72169739644862,27.177357917158893
11.030120983632427,13.024096786905941
5.084517773712246,8.267614218969797
10.817945862143718,17.654356689714973
19.539704648448055,19.231763718758444
0.18271560518043906,7.946172484144349
3.8634491939815248,7.890759355185219
0.3387838058513726,14.671027044681095
2.625718232785601,6.30057458622848
20.74733786072186,31.597870288577486
18.917671497940496,21.734137198352396
6.097351865323722,17.477881492258977
16.559231514005468,24.647385211204373
0.1849420454089784,12.74795363632718
14.744702519937642,14.195762015950113
4.478092390442959,3.5824739123543674
3.1186474342887127,4.29491794743097
17.46031116263191,22.36824893010553
6.881509003848371,15.705207203078695
5.658873297800421,14.127098638240334
8.206796876965381,10.765437501572304
20.78226878202208,29.825815025617665
11.110431193110006,19.088344954488
7.375618420482049,10.100494736385638
23.942962432807978,30.554369946246382
12.52612463330782,22.020899706646254
2.0234285403536196,14.818742832282894
4.131825460165389,13.50546036813231
16.872011777798996,14.697609422239196
4.5959768904251135,13.876781512340088
4.1738028670668585,8.739042293653485
10.01237783280781,9.809902266246247
22.306690006245056,32.845352004996045
22.380458455564657,26.304366764451725
8.447910540453405,13.358328432362722
23.160881123602508,30.528704898882005
15.06956065540585,24.65564852432468
9.609902877773058,16.687922302218446
24.08512171564804,33.06809737251843
7.297383587618797,13.637906870095037
4.43856384486398,5.350851075891184
13.14955057182971,11.119640457463769
3.8942361181340064,6.115388894507205
18.161461237007135,18.129168989605706
23.366726232413793,20.493380985931037
23.138296543621202,31.11063723489696
24.17013432364088,30.136107458912704
18.685045375168986,17.94803630013519
3.306800464353843,12.845440371483072
0.8611250521088409,7.888900041687071
23.29011199711611,21.032089597692888
22.195196295314325,26.15615703625146
24.43609102160238,23.748872817281903
15.251132991410628,25.4009063931285
17.870051209217433,20.896040967373946
24.174157690335353,34.339326152268285
21.9873526281972,31.989882102557758
16.662550647312564,22.33004051785005
17.595108104364197,27.876086483491356
17.04790997376911,25.638327979015283
8.362933824369065,20.49034705949525
23.10957484308067,19.687659874464536
14.321152089434152,20.45692167154732
10.380555918402504,15.504444734722
6.12204876936773,12.097639015494183
14.76791676639461,16.014333413115686
0.5639361501683926,2.251148920134714
0.024690873295502014,13.219752698636398
6.668638374176175,8.93491069934094
21.52952764839594,27.42362211871675
19.793988240950817,20.035190592760653
15.734930977020692,24.58794478161655
16.609347939062395,18.087478351249914
16.74289409371991,17.59431527497593
6.3690413096753495,5.695233047740279
21.845240336776904,32.47619226942152
9.51118584890904,17.80894867912723
2.545044118147119,15.836035294517693
9.819742908039943,19.85579432643195
8.275336480991943,15.620269184793553
21.692626661589678,25.75410132927174
22.506749310481368,30.605399448385093
23.675077026283432,27.340061621026745
10.774695132594397,9.819756106075518
23.098996567330808,18.479197253864648
4.449482997338403,11.359586397870721
12.364762954886348,11.69181036390908
23.43393389044325,27.747147112354597
16.533693707887902,27.02695496631032
11.066672558864553,8.853338047091643
14.424736084705353,23.53978886776428
17.151416864340842,18.521133491472675
12.540436194629143,20.83234895570331
4.861286146597838,7.48902891727827
0.5905705719697646,4.072456457575811
22.056529775342135,24.245223820273708
21.84748698430009,31.27798958744007
17.988944958040285,16.79115596643223
23.407099405511424,25.92567952440914
4.474129503653293,11.379303602922633
8.229518880616762,20.38361510449341
20.50645534880457,23.005164279043655
11.893748104109383,9.514998483287506
17.39510076131761,25.316080609054087
0.3129283673958455,3.2503426939166755
20.694070754591845,18.955256603673476
1.0668011222027123,12.853440897762166
19.142363236871994,18.913890589497594
18.58455055136039,17.26764044108831
8.524123753362057,8.019299002689646
16.98154381017981,19.58523504814385
0.6516364021569715,13.721309121725575
12.504284114692052,24.403427291753637
19.99699846138333,30.997598769106663
0.4992041513916162,2.1993633211132924
20.688937959796235,21.351150367836986
22.91028255464191,23.728226043713526
18.261322853677424,22.40905828294194
18.055222947811632,18.044178358249304
5.952724870930526,7.76217989674442
7.497337841331758,20.997870273065402
4.744951461300387,10.395961169040309
8.467396476007025,19.973917180805618
16.992938793467882,22.594351034774306
0.2859082935924989,0.828726634873999
4.984780630002988,11.787824504002389
23.303066336091195,33.04245306887295
2.0222631937885733,2.8178105550308583
19.294214672977926,15.435371738382342
11.598530764658166,24.278824611726527
17.518783800186668,20.615027040149332
24.430212407088696,24.944169925670955
7.256071936796596,7.004857549437277
4.488274619349758,8.390619695479806
18.573977878544635,19.65918230283571
23.45157883258437,30.16126306606749
3.9728490896643014,10.97827927173144
23.310349467647864,24.64827957411829
11.675633741226543,20.74050699298123
14.948314376707614,11.958651501366091
0.3019300831330701,8.641544066506455
19.88403978828694,16.507231830629554
7.907608177771802,9.326086542217443
7.243048897795215,10.59443911823617
15.91904444738256,25.335235557906046
6.129505052932646,15.103604042346115
11.387383095221914,16.90990647617753
18.913108299854247,23.5304866398834
23.123108287127963,20.89848662970237
7.2404824889407084,5.7923859911525675
21.052125906542347,31.841700725233874
2.1837137401479687,15.546970992118371
2.977919892338729,16.78233591387098
13.355656046087464,16.08452483686997
2.0728467859634474,9.458277428770757
22.211183668706965,26.76894693496557
19.27423263928053,29.21938611142442
4.613570396982217,9.690856317585773
1.2928564882911857,9.434285190632947
8.492193896065162,17.593755116852126
1.0136671471567742,5.010933717725418
7.412208776347954,6.529767021078363
8.874463800614182,16.099571040491345
4.266479221048483,4.613183376838786
1.1133348043723763,14.690667843497899
18.68944168882262,22.751553351058092
14.515841904887191,12.812673523909753
11.393086921996634,20.514469537597304
0.8954686965165465,2.5163749572132366
11.686194947608245,9.948955958086596
21.585394744210618,20.268315795368494
21.90885156184508,25.327081249476063
0.023952850907146828,0.6191622807257173
12.399454075271017,14.119563260216813
11.87594486494096,13.700755891952769
22.459095063766764,23.967276051013407
1.2005339702823332,8.160427176225864
11.986730692792705,16.189384554234163
20.748376528708228,25.598701222966582
10.83768049081853,21.27014439265482
1.73067734203608,9.184541873628863
15.292322500167375,12.2338580001339
19.017010069583545,20.613608055666838
16.368923483870816,15.495138787096653
11.001694993193617,11.801355994554893
6.79730043227649,19.23784034582119
16.889046275611797,19.51123702048944
23.03465085901206,29.82772068720965
7.830082711524894,9.264066169219916
10.117252181323726,12.89380174505898
20.96800305118012,29.974402440944097
21.361026616836686,20.688821293469346
8.677902619222206,9.342322095377764
16.174076696525375,25.539261357220298
10.02189420934039,18.21751536747231
15.044630571436498,21.635704457149195
17.868605131299745,20.294884105039795
16.6613315261713,21.129065220937036
7.302696247441329,14.242156997953062
4.295062767482902,16.03605021398632
23.08832494603628,20.870659956829023
18.61158393233708,28.689267145869664
3.2874989478457213,15.229999158276575
4.114180264501682,13.491344211601344
8.760224067974482,17.208179254379584
18.522256335914093,29.81780506873127
7.526835766674345,18.621468613339474
18.38586147871105,26.10868918296884
15.847710201990925,13.27816816159274
21.262821654493123,30.210257323594497
19.046557632735155,15.237246106188124
18.633905966331813,26.907124773065448
12.284464915372844,17.627571932298274
18.251693976309717,28.40135518104777
21.023095760601517,20.418476608481214
10.396158226038823,19.116926580831056
4.842409426277417,9.873927541021931
20.719210896010413,27.375368716808328
21.107128729958998,31.885702983967196
21.111307573779346,22.289046059023477
19.13720709197747,30.30976567358197
10.471193724883804,19.17695497990704
1.5529728638011027,10.24237829104088
4.7733493981428845,6.218679518514307
23.326836007323852,20.461468805859084
9.401751894115955,7.521401515292765
22.09227799769655,21.873822398157238
20.060566785196404,20.84845342815712
3.9597431595082,15.167794527606556
20.127091249045346,22.10167299923628
12.170271655610257,13.336217324488207
24.060230920546513,20.44818473643721
3.2693564884241466,16.415485190739314
24.564646725810523,33.45171738064842
8.379347301673965,9.10347784133917
11.613659819474261,14.090927855579409
15.477345819310106,21.981876655448083
9.98537625560362,15.788301004482895
19.065425375390575,17.65234030031246
6.675486671814476,17.940389337451577
14.765664757646881,23.8125318061175
22.594945503127928,28.87595640250234
2.116943070373373,15.493554456298696
3.56715295535045,4.053722364280359
0.03569442996312344,11.428555543970496
6.293371999063199,14.034697599250558
7.150970329361181,15.920776263488943
12.480378221879624,17.184302577503697
2.1426764386812986,8.314141150945037
15.244246057758366,21.795396846206692
14.025875194937345,16.620700155949876
6.613801126279273,15.491040901023416
23.574695784185735,27.859756627348588
12.991947038217727,18.19355763057418
21.630633013020944,17.904506410416758
4.9232515176700495,12.938601214136039
6.889130498632706,9.111304398906166
22.765308540024915,24.21224683201993
21.419241563403276,19.53539325072262
9.071642414925444,20.457313931940355
15.005348053263601,15.604278442610882
1.0551857596113712,13.444148607689094
10.034822286946007,14.027857829556805
19.304118291265116,22.643294633012093
24.41573708135982,32.73258966508785
5.1550275470470694,11.924022037637654
9.797926640423665,21.03834131233893
18.196687479088443,15.157349983270754
22.06334764433828,24.85067811547062
17.53160342504542,23.625282740036337
14.231325034351455,25.785060027481162
20.066684357585473,19.05334748606838
8.072157848153116,19.65772627852249
9.994999862723283,15.195999890178626
3.9076813051807657,10.32614504414461
21.90004742366758,21.12003793893406
14.307686344717041,24.64614907577363
3.3832528800111423,2.706602304008914
0.4717934270651619,15.377434741652126
12.589974561966264,12.471979649573012
2.2586832556505483,6.006946604520438
0.5319238512792479,7.625539081023397
15.762581006344426,18.610064805075538
13.561133019970582,22.248906415976464
24.9661169416274,23.57289355330192
13.593153520221241,11.474522816176993
2.5188103627123177,15.215048290169852
18.967140645116572,24.173712516093257
12.537211479171148,10.029769183336919
7.704471654447925,6.16357732355834
18.675725989797257,15.540580791837806
21.53347045121029,17.226776360968234
5.971379138263341,5.977103310610673
5.451428540410652,13.96114283232852
20.729074245302012,20.18325939624161
20.70054373937486,25.56043499149989
17.90275432083146,18.522203456665167
11.153349881326994,21.522679905061594
2.3733058258656237,9.698644660692498
24.591810294719007,28.073448235775206
5.481281123708214,15.185024898966569
11.960126080042585,12.568100864034069
17.203240537643723,21.562592430114975
21.724549845528063,29.37963987642245
4.273767639881648,6.419014111905318
22.7180971634199,31.974477730735916
14.795812206302687,13.636649765042149
7.735102114647082,10.988081691717666
9.7725170345911,13.81801362767288
24.119324390114333,19.89545951209147
1.7491369551140084,9.799309564091205
14.233510160958456,25.786808128766765
9.521370396157486,20.21709631692599
1.4282559219924913,5.942604737593992
19.88165099455845,23.705320795646756
21.149765293788963,31.919812235031166
17.57643399431782,21.861147195454254
6.95542731181448,14.564341849451583
23.685170878211824,23.14813670256946
18.832945784792702,22.86635662783416
21.726204843350708,26.380963874680567
12.421500499850374,20.1372003998803
5.4345047205073636,14.54760377640589
1.3427811962201386,1.6742249569761107
7.741821741973021,13.993457393578414
7.568463640351045,21.054770912280834
3.330426680863821,15.264341344691054
6.770314500013486,14.416251600010787
4.048940020875752,18.239152016700597
3.183058803159014,14.546447042527207
21.867443444854526,31.89395475588362
24.507058238278898,25.605646590623117
3.0669506052935973,7.253560484234876
19.51538962885255,19.21231170308204
17.135425835990176,16.70834066879214
2.719388019141611,14.775510415313287
20.429640377633753,30.743712302107
9.290381674655777,15.232305339724618
5.510326810933189,8.60826144874655
7.7056311104543,6.164504888363441
15.844318769843687,12.67545501587495
5.603163756016061,19.482531004812845
8.061199545277061,20.248959636221645
16.688335166881853,23.550668133505482
17.981416036787238,26.985132829429787
14.700005688159578,24.96000455052766
16.594184344554176,24.07534747564334
24.632797258113946,34.10623780649116
22.962633728847837,31.57010698307827
9.79789573322961,13.838316586583687
24.71747918225404,24.573983345803228
6.1443426426970955,12.715474114157676
3.6228340839447286,4.698267267155782
24.16013485240018,29.528107881920143
14.9246599543679,23.33972796349432
3.0929213648625833,6.674337091890067
23.860149144303666,24.488119315442933
21.795445846760504,19.236356677408406
23.286297904121778,31.22903832329742
10.387184383328318,16.70974750666265
14.739908548315919,21.99192683865273
0.2645713092569113,5.011657047405528
11.580206053348126,23.0641648426785
24.585626522554858,29.868501218043882
23.20998973295526,23.96799178636421
6.021147178653738,5.41691774292299
0.9327451910652013,9.14619615285216
23.807564179552198,19.646051343641762
23.467236009208133,21.773788807366508
19.99632970388315,29.797063763106515
4.526650918312219,7.821320734649775
0.2893999147187687,2.6315199317750144
5.707077168640207,9.365661734912164
22.262705713229046,20.810164570583236
21.515966090302946,31.012772872242355
20.447948323998705,17.558358659198966
2.3457724445891643,1.8766179556713316
14.188371809887727,21.55069744791018
1.139463737817295,15.911570990253832
11.417089746100817,22.933671796880652
14.595751020944657,14.676600816755727
0.4384409591964483,8.750752767357158
1.032588857803343,3.8260710862426737
20.265432878471916,20.412346302777532
7.92709666077403,18.94167732861922
20.202278000139636,29.361822400111706
14.21954322824625,17.975634582597
9.019899403420673,19.815919522736536
2.488732925104123,2.5909863400832984
18.353258796417997,28.482607037134393
24.64118354153671,26.312946833229365
18.899904710257566,19.319923768206053
9.006527598644777,8.405222078915822
19.71830944957678,17.574647559661425
16.213074382645463,18.37045950611637
7.894142108872687,10.51531368709815
4.3749983643219466,9.499998691457556
6.82881249675234,15.063049997401869
18.99467223333424,27.195737786667387
15.386675745504405,27.309340596403523
11.709002786967506,12.367202229574005
6.998749909862672,7.998999927890138
19.846401156437416,21.87712092514993
14.035111141977158,25.028088913581726
22.393569544355856,29.91485563548468
11.668539571626555,12.334831657301244
20.78378518823667,25.627028150589332
10.937066551177635,20.149653240942104
3.476199323987697,11.780959459190155
16.927561402590023,20.742049122072018
12.448551040545741,14.758840832436592
4.771445002468003,4.417156001974402
2.9369164358805158,5.949533148704412
13.803253318358449,21.842602654686758
7.408843962525008,16.727075170020004
16.779729568580144,26.623783654864113
5.220980735518041,11.37678458841443
23.814409138307695,31.051527310646154
17.21172381833839,14.369379054670711
3.276848007396799,15.221478405917438
12.313901334954725,21.851121067963778
1.3636444483007466,14.290915558640595
11.412678582374078,14.530142865899261
3.6544143103645457,7.723531448291636
9.125454613655243,12.700363690924194
20.691472090144895,18.953177672115917
0.39029030876751025,2.112232247014008
15.414236523106675,25.531389218485337
2.246683217118667,2.9973465736949336
3.3316572396916517,6.865325791753321
4.87519403529647,14.700155228237174
4.782863966130233,6.226291172904186
22.44371997449364,23.954975979594913
14.150306915382671,22.720245532306137
13.989240708591652,11.191392566873322
22.193622414354678,24.35489793148374
17.928052980948202,19.14244238475856
20.615087992859195,21.892070394287355
8.161093589479046,19.128874871583236
10.967022885832261,21.973618308665806
17.205515620660943,21.564412496528753
7.574714375618638,16.859771500494908
7.9779516714217795,8.182361337137424
1.802850399208031,5.042280319366424
1.2431253920028196,2.1945003136022554
24.028370253420782,33.62269620273663
23.388870452202987,25.311096361762388
3.2322300083002937,16.98578400664023
13.671579864587152,11.537263891669722
11.637863734298396,23.710290987438714
2.6231022616140547,17.09848180929124
14.76198003679497,17.209584029435973
24.015518551492786,28.21241484119423
13.07317206653118,12.258537653224943
9.216145249732962,21.772916199786366
22.32461769755859,26.85969415804687
18.08339143564142,25.866713148513135
9.859613144510352,19.28769051560828
16.979495907629055,19.583596726103245
13.889670430029643,16.511736344023713
18.34964587963895,27.879716703711157
16.743525140555082,26.59482011244406
10.751127762467844,11.600902209974276
6.138119341079645,7.310495472863716
15.971127298906401,22.376901839125118
24.835465534990337,30.068372427992266
5.478673663773454,6.782938931018762
11.246503237789412,16.197202590231527
4.665200692582633,7.9321605540661055
21.253958343909602,26.00316667512768
24.168711475535893,21.734969180428713
23.813214572366974,31.65057165789358
15.396720171728093,15.917376137382474
15.505542656593274,13.604434125274619
18.4637543218323,20.17100345746584
17.962191452259972,29.369753161807974
13.984581369799335,11.187665095839469
23.097141409296935,20.87771312743755
21.11672968536355,26.49338374829084
22.185279241245553,23.148223392996442
8.807656991840219,11.846125593472173
8.539149819969236,6.831319855975389
6.8582349905754905,9.686587992460392
13.309266352346766,18.44741308187741
6.958211254009394,16.96656900320751
6.5240793530651455,17.819263482452115
1.6869739091702918,9.149579127336231
9.521248131272896,19.616998505018316
7.42832861419152,12.542662891353215
4.866735495424049,5.693388396339238
11.995803907392826,20.996643125914257
16.73811155903685,13.39048924722948
22.355765986430278,22.684612789144225
21.112245372420436,25.88979629793635
20.032802748649665,31.02624219891973
0.9891220185261035,4.391297614820882
22.877462573678848,32.10197005894308
20.978812425830988,27.58304994066479
3.6807498355539563,11.344599868443163
24.666344692664456,32.33307575413156
11.334417455367612,9.66753396429409
18.84376055226388,15.675008441811105
8.50327227833315,7.402617822666519
18.527782699833185,22.02222615986655
15.944382686372007,17.555506149097603
13.446937046994803,19.757549637595844
24.769089668759104,21.615271735007287
18.93123439081978,17.544987512655826
9.311023557926584,11.048818846341266
0.385854595369195,1.5086836762953557
13.020284047214794,20.016227237771833
19.46878984035339,27.57503187228271
1.7508305462322156,2.0006644369857725
13.596605171931579,21.67728413754526
9.46291905287974,11.170335242303791
18.594991298285468,22.075993038628372
1.4273264963154286,4.141861197052342
12.846175278259706,21.07694022260776
20.093685234795007,22.674948187836005
17.504910229679425,17.603928183743538
23.084150772558342,30.46732061804667
19.609006063217485,30.687204850573984
4.439392454954685,8.351513963963747
3.106413624279425,12.685130899423537
1.7524164265249413,6.201933141219952
2.190408817702277,11.352327054161819
11.847616112756285,13.678092890205027
0.49480415903248587,9.395843327225986
8.366404782764086,21.093123826211265
1.588029723015974,6.070423778412778
20.025590726448268,29.82047258115861
6.942171045476709,13.953736836381367
17.472031249487422,27.777624999589936
21.897262969212736,18.11781037537019
0.09277177835703143,1.2742174226856249
23.822743651825938,19.05819492146075
23.040071685479894,23.832057348383916
11.605935453136365,18.88474836250909
7.960729439983405,14.168583551986721
18.796684321467367,17.437347457173892
14.176137196726254,21.540909757381
9.029915730729668,12.623932584583734
3.220142117818386,16.376113694254705
0.8032484873384454,4.242598789870756
4.668450638829086,16.934760511063267
1.6501728594645104,9.720138287571608
5.615829580138423,9.292663664110737
20.87216596009388,28.697732768075102
20.90928371098425,21.527426968787402
12.553678183793165,22.042942547034528
6.838252752681992,12.670602202145592
5.590197068546243,4.472157654836995
17.28465622835134,18.02772498268107
13.752074995812972,18.801659996650375
13.204130834733707,11.163304667786965
23.880046040644384,20.90403683251551
6.776901446850175,6.6215211574801405
9.317815519117682,9.854252415294145
13.416959566453308,19.133567653162643
12.53041074024285,15.424328592194279
24.896692125201536,22.91735370016123
18.842338279000277,15.073870623200222
10.07593461367396,12.260747690939167
12.935375206892061,14.548300165513648
11.952248142486216,17.361798513988973
14.065124431151926,14.252099544921542
21.64578535780797,26.316628286246377
17.036440810254682,26.229152648203744
9.107325368207341,13.285860294565872
13.492266756160712,16.19381340492857
6.848545212426341,15.678836169941071
3.154700270064281,14.523760216051421
14.131303067847789,13.705042454278232
3.428159272373726,14.142527417898979
3.486093941632093,6.3888751533056745
14.672836205235823,18.338268964188657
3.3903202380676625,6.91225619045413
12.079535119365946,17.463628095492755
9.166712839276789,21.133370271421427
17.358041507246522,28.886433205797214
21.810992801706412,31.24879424136513
24.805959422433656,21.044767537946925
1.6224997607857699,12.097999808628613
18.843587540255115,24.07487003220409
0.40560042624669945,1.5244803409973593
2.7557840630172388,13.604627250413788
13.751141088095551,13.40091287047644
2.9057198041112593,10.124575843289005
12.90779610712097,13.926236885696776
4.748972849144856,5.599178279315884
24.883155744612154,23.506524595689722
2.9286196059690712,8.942895684775255
9.220285315129004,22.3762282521032
18.92071271688957,22.936570173511655
24.145627975249777,21.71650238019982
14.78275750708004,20.826206005664034
21.79808610783232,19.238468886265856
3.3297270518324567,12.263781641465963
4.115975278080381,11.692780222464304
20.48712094367331,22.98969675493865
4.148248234461871,12.918598587569495
4.307751502847132,9.446201202277704
7.421806466800332,8.337445173440265
21.676261062690294,28.141008850152232
0.05403125913142348,3.643225007305138
15.872670669529972,19.898136535623976
16.968723111467913,26.17497848917433
11.765543741206312,11.812434992965049
18.02803355793309,25.822426846346467
15.415405812412283,22.532324649929826
10.868577922723594,11.094862338178874
2.1199547651023027,14.89596381208184
16.943792049140445,24.955033639312354
11.449615242710637,13.95969219416851
1.4850194579444782,5.988015566355582
0.1219938535186954,1.897595082814956
17.707179458037306,20.765743566429844
8.467855940996635,21.774284752797307
15.36788362535924,24.29430690028739
12.652162854218277,23.32173028337462
4.9185367993601545,14.134829439488122
9.896335560783454,12.117068448626764
24.589755055255235,19.67180404420419
0.7904481772833732,12.032358541826696
8.43260397176811,15.146083177414486
22.94125993877741,27.35300795102193
12.61366383828127,13.090931070625015
18.351625833757858,29.681300667006283
21.463552825363116,28.57084226029049
2.942478197606077,11.95398255808486
19.898551278986222,21.318841023188977
11.176833264130343,20.34146661130427
6.982782381955707,19.986225905564563
3.2304036533081115,4.984322922646489
2.851662177071612,4.681329741657289
1.23425746723006,11.787405973784045
8.016659404044871,16.013327523235894
23.245047726167066,33.59603818093365
11.39072827567032,22.312582620536254
15.481864772055179,21.385491817644144
16.444999636893737,16.755999709514988
20.514581656235272,30.811665324988212
12.559408316246445,19.047526652997156
0.6388084159937746,14.911046732795016
5.4200942596092645,17.53607540768741
22.668373536998445,27.734698829598756
12.908523187476362,10.92681854998109
6.0023491480431765,18.601879318434538
18.062988113429935,16.850390490743948
5.272630819438017,10.218104655550412
16.328186303541166,21.462549042832933
0.8820772924762021,15.705661833980958
19.614503590833387,19.291602872666708
1.1001329459338156,1.4801063567470525
14.221076384085155,11.976861107268125
10.546078783630536,20.436863026904426
3.8112693745306183,6.649015499624494
4.447581168181272,11.358064934545016
6.1564894154989585,9.125191532399167
11.90363523004318,16.722908184034544
16.287022072218406,13.029617657774725
5.604380493892963,12.883504395114368
19.68383995869717,22.947071966957736
0.019051387455298885,9.615241109964238
18.160092094506012,22.32807367560481
18.52531628457773,23.820253027662183
14.916098321531498,16.1328786572252
7.592775516057698,6.674220412846159
20.685062863264605,20.148050290611682
4.968640715186185,5.174912572148948
4.296860475470535,16.637488380376425
17.700454664257993,27.960363731406392
23.384392043701425,22.30751363496114
19.299318453013576,19.03945476241086
14.558180328021331,18.846544262417066
12.388595585723976,23.11087646857918
16.418597915670585,13.134878332536468
17.80781157225327,20.246249257802617
12.467543853342475,22.57403508267398
17.068296149625745,22.654636919700593
0.083007980120553,6.666406384096441
2.9675794507753652,4.174063560620292
14.698210328276643,18.358568262621315
11.510963895485538,14.60877111638843
0.0965672784140531,8.47725382273124
11.887286905323851,14.909829524259079
20.641484042316947,22.513187233853557
5.000064829124623,4.600051863299698
10.497134447490575,22.19770755799246
2.222760071954133,7.178208057563305
18.315841435673665,18.252673148538932
18.72893358319353,27.583146866554824
9.777151863861949,15.021721491089558
7.241356881414617,15.393085505131692
23.61540475161359,27.29232380129087
5.762526881732693,11.810021505386153
13.343374513927763,13.67469961114221
19.928323305766465,22.542658644613173
20.427846403584894,30.142277122867913
12.535011629983602,14.828009303986882
10.542626591077722,15.034101272862177
10.460580846587531,19.168464677270023
20.203836165847985,17.363068932678388
2.0923499137898953,15.473879931031913
1.6419751744744415,2.513580139579553
3.9994100558160857,16.999528044652866
21.823114526599447,21.058491621279558
17.381839092723823,21.105471274179056
12.800689651396938,12.64055172111755
15.600184073322405,26.28014725865792
23.65194047836738,26.121552382693903
24.270119142630893,27.216095314104713
20.624169991409076,26.09933599312726
21.030885539588827,24.024708431671062
4.436354528369013,13.149083622695208
8.903948779799864,19.72315902383989
7.960972758899032,12.968778207119225
18.3294334235312,15.26354673882496
2.6959209558079706,17.15673676464637
8.672787161162518,9.338229728930013
2.1083180958015593,6.486654476641246
19.241075493551442,29.19286039484115
21.54638176468169,19.637105411745353
16.999876787163377,21.3999014297307
12.08615401160025,9.668923209280202
17.223524262099627,14.378819409679702
2.421902312628446,9.737521850102755
19.2213939312289,30.377115144983115
13.65574823309571,16.92459858647657
5.261949048654468,11.409559238923574
20.948903494739632,28.159122795791703
16.11113826964492,26.688910615715933
13.717291767986783,16.973833414389425
13.456933405830975,14.96554672466478
4.003833699412512,17.003066959530006
16.892777863224754,16.514222290579802
16.30701713495411,26.245613707963287
8.425315858114137,6.74025268649131
5.922810401313497,13.738248321050797
12.425813996971721,15.940651197577376
10.273822704470534,9.419058163576427
16.049307070818795,22.439445656655035
21.93181446563958,24.745451572511662
13.797519226905393,13.438015381524316
22.597219553052607,33.077775642442084
22.443512106332577,17.954809685066063
13.403978028116278,25.723182422493018
22.363607615752255,17.890886092601804
7.426490162422661,8.341192129938129
1.5608857332309767,5.448708586584781
0.12777935305096355,7.30222348244077
7.6032533841314915,19.88260270730519
9.221867920329208,10.377494336263366
6.891758739173806,16.313406991339043
20.40360537418737,18.722884299349897
3.541090173572475,4.0328721388579805
0.6759203475758563,13.140736278060682
4.596420758676459,4.277136606941167
9.2971892075606,11.63775136604848
11.00616978643374,21.40493582914699
2.193404401935306,7.154723521548243
13.009334534616904,11.007467627693524
13.52673263147493,21.021386105179943
3.4675929629501305,14.7740743703601
22.963491763424134,23.770793410739305
0.4067910387210327,8.725432830976825
5.495955789955281,13.396764631964224
16.351671326469546,26.881337061175635
14.860622742796883,13.088498194237506
15.49688096286176,25.597504770289405
15.451624506874639,15.36129960549971
20.753309228510805,28.00264738280864
18.96129359852686,22.369034878821488
19.39973528526685,25.719788228213478
6.6191114123128,20.295289129850236
0.30825807684505546,9.846606461476043
4.632680830456132,14.506144664364903
16.959634534003737,19.56770762720299
20.664398037832413,30.931518430265925
19.761600520393912,16.40928041631513
11.795840800389076,10.036672640311261
20.204363397540302,26.96349071803224
13.000531364110019,22.400425091288014
3.166386359935727,7.33310908794858
14.62614224034786,14.100913792278288
2.5458427997716635,17.036674239817327
24.640209941672396,34.71216795333791
4.71825840282886,12.774606722263087
16.99985946963239,22.599887575705914
20.440129136034404,28.95210330882752
8.117778840902801,16.694223072722238
15.163621543729786,12.130897234983829
18.231680921702612,27.785344737362088
22.9618437583999,26.169475006719917
10.646286063415774,21.117028850732616
2.9980039691803766,7.7984031753442995
10.413335028221132,14.930668022576906
0.25589737379382305,0.8047178990350583
24.837490081338636,27.06999206507091
2.485133220453445,9.788106576362754
3.8203369617375027,7.2562695693900015
20.1514434451524,29.32115475612192
1.2554856543352004,5.804388523468159
6.544934997187394,10.035947997749915
23.91962880278054,20.33570304222443
3.813995894585509,13.851196715668404
18.390917416273385,18.912733933018707
7.802813424764887,15.842250739811908
13.996883085869696,22.597506468695755
12.91980620234073,10.935844961872585
17.884562323909297,20.907649859127435
10.059771561571784,18.847817249257425
1.2997535565491491,12.439802845239317
0.5314377658997171,1.6251502127197734
24.429543524382364,23.14363481950589
9.547313862787671,17.837851090230135
0.13750008506239197,3.710000068049913
8.970113139803848,12.576090511843077
3.3268461039493493,14.061476883159477
0.07082369881383221,15.056658959051063
5.945075026885249,8.956060021508199
9.856605566336993,22.285284453069593
16.352724354459294,25.682179483567435
20.106729549873652,23.28538363989892
11.552565047769301,14.64205203821544
22.30843205068901,24.446745640551207
6.587464447730984,5.869971558184787
22.933126273214643,33.346501018571715
2.027081809766937,4.621665447813549
4.794465873269452,11.63557269861556
15.703090901820179,20.362472721456143
9.32696501413344,14.661572011306752
7.284461562156736,9.427569249725389
19.41502470355789,27.53201976284631
22.715210955889575,31.37216876471166
1.2745284532467316,1.0196227625973853
22.987733355478436,32.790186684382746
20.147358284691723,19.717886627753376
12.01077093220099,24.00861674576079
13.087695586913423,25.470156469530735
21.452862185711545,18.362289748569236
15.037725388630111,23.430180310904085
11.648239251812434,11.718591401449949
17.93755042247928,27.550040337983422
19.147226050319972,29.117780840255975
8.91720464957007,14.933763719656055
12.359377536005207,20.68750202880416
22.331678681232027,19.065342944985623
7.92625274165136,15.941002193321086
0.8715162480007338,10.897212998400585
0.4212469811403552,12.33699758491228
9.377528012772403,21.90202241021792
6.854784973201217,9.083827978560974
12.989747287869873,22.991797830295898
3.299848894404081,11.639879115523263
15.979296842839313,25.38343747427145
4.860940081520421,18.888752065216334
14.216757455511985,21.573405964409588
11.961860129045917,17.369488103236733
4.528287948638901,4.222630358911121
15.217934192640678,24.774347354112543
10.170529846758658,22.536423877406925
10.972688274717479,16.578150619773982
23.73484037445134,32.18787229956107
6.139826222154632,5.511860977723705
3.6682724677245204,15.534617974179614
5.074807351268829,13.059845881015061
21.058528236653313,24.64682258932265
0.9529745055563116,15.162379604445047
10.372104775550056,18.497683820440045
11.205894077509365,9.564715262007493
18.127459916140072,16.901967932912058
5.973254355622021,7.778603484497616
5.7761662827625795,10.020933026210063
4.315703862379938,12.452563089903949
22.68120323646187,18.144962589169495
22.786091398809827,26.62887311904786
20.01775374142069,21.414202993136552
10.868604120567962,21.894883296454367
8.793727547793665,8.834982038234932
7.805664786271748,8.044531829017398
5.935071951415319,17.348057561132254
9.822973093176671,16.858378474541336
3.1324039761369606,14.505923180909566
0.7141854852612206,14.971348388208973
12.124566506435649,15.699653205148518
21.00360096515734,21.00288077212587
14.800762734781717,20.240610187825375
0.5760846110394874,7.660867688831589
11.526710799388734,19.421368639510987
3.4735326867163656,17.17882614937309
15.238135196857549,18.790508157486038
4.912386208886311,12.329908967109047
20.48064809346128,19.984518474769022
14.454819107147173,25.363855285717737
22.781117602305386,18.82489408184431
10.23760501606333,8.790084012850665
18.240366550844964,22.39229324067597
16.437022808493992,21.54961824679519
16.62757864162487,16.902062913299893
16.998119224493085,13.598495379594468
11.751420542014424,12.401136433611537
17.434819275337286,19.34785542026983
13.626885731808528,12.101508585446823
6.919134705101193,7.335307764080954
12.327051547413253,24.2616412379306
7.036654757812891,11.629323806250312
9.035470403225162,11.428376322580128
9.61223817345843,8.889790538766743
11.342599692751193,10.274079754200955
4.497660048906527,6.59812803912522
11.731899650458466,13.585519720366772
24.016491381678122,27.613193105342496
9.627657457325395,20.902125965860314
19.74890986854865,22.39912789483892
2.2287999008957615,10.783039920716607
19.22998057145424,26.18398445716339
1.6108075213628226,4.288646017090257
24.95352728260474,19.962821826083793
19.875959353917153,22.50076748313372
13.64014482277005,18.11211585821604
0.46897986354959564,3.9751838908396757
5.110046741656091,16.68803739332487
14.799858952044382,23.2398871616355
3.162754978178059,9.730203982542445
11.269355007383716,22.81548400590697
19.839710860026415,26.07176868802113
24.529647270314932,19.623717816251947
24.512119326496602,34.609695461197276
17.73684629600931,24.989477036807447
23.57570733051991,18.86056586441593
21.10141567096012,16.881132536768096
14.788464135064991,23.83077130805199
0.9057774995408052,13.324621999632642
4.8376537233846495,11.070122978707719
4.43305932938069,5.346447463504552
22.93949408727011,18.95159526981609
23.03013108233757,19.024104865870058
13.328114064172357,19.662491251337883
19.195201291412907,25.556161033130323
13.752920580093479,12.802336464074783
19.78066260173393,18.824530081387145
6.195410884843472,9.756328707874777
6.496566257401845,18.997253005921472
1.9974082811884675,13.59792662495077
6.555931996329766,8.844745597063813
9.291051172428677,9.23284093794294
23.425766491405415,24.740613193124332
18.12778051219345,21.70222440975476
20.463022267251368,23.570417813801093
17.41390527675674,22.93112422140539
12.875437904583434,14.500350323666748
4.588844082631183,4.271075266104946
5.67432622156088,5.139460977248704
21.28711058141336,30.829688465130683
20.207991102060483,22.766392881648386
3.0434501993113927,6.6347601594491135
6.2807358693933,15.824588695514638
9.918925248924552,9.135140199139641
7.013425069255252,14.6107400554042
3.157418764707773,9.725935011766218
18.96596073278802,18.772768586230416
11.850526355523423,22.080421084418738
20.61500734946086,23.09200587956869
14.789074217522497,19.631259374017997
4.489247737933927,14.99139819034714
21.951693011072845,28.361354408858272
8.790076048425815,7.0320608387406525
14.635391738881998,26.108313391105597
1.241157523631814,4.59292601890545
5.506579541380294,5.605263633104235
2.649959024022641,11.71996721921811
7.374216505160455,14.899373204128363
13.969417924469782,21.37553433957582
17.33711406721036,27.069691253768287
8.566214017638563,9.25297121411085
5.874772997618893,10.099818398095113
18.383229186200637,20.706583348960507
8.85442890342004,20.283543122736027
11.149787969751959,19.119830375801563
10.751037676360701,18.80083014108856
3.9883270571203058,10.990661645696242
4.013337704301828,8.010670163441462
24.23006025287652,22.984048202301214
0.13709739496695073,11.509677915973558
23.71426555292628,20.771412442341024
20.340604072207142,24.672483257765712
19.03252798679623,26.626022389436983
21.400554691695508,21.92044375335641
20.138098874466635,29.910479099573305
23.440176506763706,19.352141205410966
21.954155172488488,30.763324137990786
9.316818998767298,17.653455199013834
7.54992717103504,14.43994173682803
15.466294961158452,22.57303596892676
1.511776043522356,4.209420834817884
18.922858770389638,29.538287016311706
12.524856992094763,18.419885593675808
21.822632748956096,19.858106199164876
8.679536542954446,12.943629234363556
7.947126718620804,6.357701374896643
16.106729104920504,16.485383283936404
14.3103568468876,26.448285477510076
5.7700492584959715,17.216039406796774
2.2267981196506357,11.981438495720507
1.8644822111709203,7.4915857689367344
22.42146180895992,23.937169447167932
7.0264269602204745,13.421141568176377
6.811923590006089,10.24953887200487
3.9310203357532156,7.344816268602572
3.19249395150234,5.553995161201871
22.915414626458837,25.53233170116707
4.465534230888232,14.372427384710583
0.424981752110104,11.13998540168808
9.483892599299196,11.187114079439356
20.42881159702304,22.943049277618428
19.7304269567551,25.98434156540408
19.11574895402918,26.09259916322334
10.996472615076607,13.597178092061284
16.03104571171217,21.824836569369737
6.406283665332305,6.925026932265844
2.7199916077939505,11.175993286235158
22.986718049293327,21.98937443943466
8.29626451962295,19.83701161569836
22.587264732110114,25.26981178568809
4.8807629506173065,5.1046103604938455
13.323474287306695,18.458779429845354
8.334649107767369,13.267719286213893
7.409383167159664,17.32750653372773
6.567245805295735,7.6537966442365875
12.456681849664342,11.165345479731474
12.32983239885998,14.663865919087984
2.092494513361393,7.073995610689113
11.409811666977445,23.527849333581955
11.754027524670322,17.203222019736256
3.1122600967466774,5.489808077397341
0.6857518742265117,3.5486014993812085
1.5819308758462547,1.2655447006770038
0.002662720714036171,15.002130176571224
10.271540975658466,19.01723278052677
18.990694018283357,28.392555214626682
16.37685266625491,20.901482133003924
22.88877853205541,26.111022825644326
24.63299475781422,33.506395806251376
11.730660292525513,9.984528234020411
5.484532311358381,10.387625849086703
16.199079173845334,14.759263339076266
18.21589128677162,19.972713029417292
18.139939503202577,16.31195160256206
2.671277771956043,12.93702221756483
21.00795828383308,29.40636662706646
14.436799396153141,11.549439516922513
2.8203230610435948,3.4562584488348755
2.857396597734435,11.885917278187545
5.22297855282465,10.77838284225972
7.641342462243808,7.913073969795047
12.990427300267754,13.392341840214204
21.181278615313897,28.345022892251116
12.376587953554917,17.101270362843934
6.253311984047663,13.40264958723813
4.992668787297672,17.794135029838134
4.153825833453037,13.523060666762428
23.746909594502416,33.99752767560193
22.71791029451089,21.77432823560871
8.552777793584863,15.242222234867889
6.556746897700141,11.245397518160111
23.7756158072213,22.620492645777038
22.431443588766793,31.145154871013432
7.2570554758219945,8.205644380657596
10.220770871652363,10.576616697321889
5.135690173058532,14.908552138446822
2.1853354282860837,8.948268342628865
5.957210356741635,9.565768285393307
6.395744065047271,7.516595252037817
1.75598651835501,15.204789214684006
11.532725918098263,16.42618073447861
14.546484650466104,21.83718772037288
5.2242167274779145,12.57937338198233
23.502285366150677,24.80182829292054
1.9728280324688596,9.978262425975085
12.504486957442424,17.80358956595394
8.535476043781994,12.228380835025593
24.112127108351817,26.489701686681453
6.54427960741536,11.835423685932287
10.646681671866403,13.317345337493123
22.32767415336315,27.46213932269052
6.794925234676636,9.635940187741308
11.026576938652743,20.221261550922193
8.23368675234842,17.986949401878732
20.708889494798314,23.76711159583865
2.6700324835824962,5.136025986865996
11.553683148902502,17.042946519122
5.077773348332401,11.862218678665919
13.755928871784198,24.804743097427355
24.401814264296537,25.521451411437226
22.18748300902185,17.74998640721748
11.403475261355627,15.722780209084501
7.43933470713487,14.951467765707894
5.897096456196782,13.117677164957424
21.723943371550593,25.779154697240475
22.41096680984035,29.32877344787228
20.99351765906797,27.594814127254374
14.571942184784211,24.857553747827367
5.178187743510246,6.5425501948081966
0.6259451651308257,2.90075613210466
12.360437552275695,20.688350041820556
13.966888555946888,19.573510844757507
11.760690832600092,11.208552666080074
20.954951877022804,18.563961501618245
5.937012854900833,19.149610283920662
14.68175150964273,20.74540120771418
17.082629656542654,13.666103725234123
3.2912393846495136,5.03299150771961
14.825286173898736,20.86022893911899
0.9262988835297192,11.541039106823773
16.44089360870856,18.552714886966847
0.4379798766922932,9.350383901353833
3.0895715897755776,4.2716572718204615
19.20071666052171,16.56057332841737
20.27477116643295,22.219816933146355
10.810274693403906,10.448219754723125
3.7431531272816705,7.194522501825336
0.9619431921794069,7.369554553743525
10.224772593922829,21.97981807513826
3.3882083877260216,12.310566710180815
14.47827760791064,24.18262208632851
2.142366573886012,15.513893259108807
22.14509845994653,32.71607876795722
24.507411717991076,26.20592937439286
6.571002868646972,5.8568022949175775
0.7808757679648837,13.824700614371904
5.406734528603069,13.925387622882454
18.418149268089756,25.534519414471802
0.20293811405502626,1.9623504912440206
15.612962199542432,12.490369759633946
